{"_timestamp":1.7333517937756648e+09,"gradients/model.4.weight":{"bins":[0,0.0002465131401550025,0.000493026280310005,0.000739539391361177,0.00098605256062001,0.0012325657298788428,0.001479078782722354,0.0017255919519811869,0.00197210512124002,0.0022186182904988527,0.0024651314597576857,0.0027116446290165186,0.002958157565444708,0.003204670734703541,0.0034511839039623737,0.0036976970732212067,0.00394421024248004,0.0041907234117388725,0.0044372365809977055,0.004683749750256538,0.004930262919515371,0.005176776088774204,0.005423289258033037,0.00566980242729187,0.005916315130889416,0.006162828300148249,0.006409341469407082,0.0066558546386659145,0.0069023678079247475,0.00714888097718358,0.007395394146442413,0.007641907315701246,0.00788842048496008,0.008134933188557625,0.008381446823477745,0.00862795952707529,0.008874473161995411,0.009120985865592957,0.009367499500513077,0.009614012204110622,0.009860525839030743,0.010107038542628288,0.010353552177548409,0.010600064881145954,0.010846578516066074,0.01109309121966362,0.01133960485458374,0.011586117558181286,0.011832630261778831,0.012079143896698952,0.012325656600296497,0.012572170235216618,0.012818682938814163,0.013065196573734283,0.013311709277331829,0.01355822291225195,0.013804735615849495,0.014051249250769615,0.01429776195436716,0.014544275589287281,0.014790788292884827,0.015037301927804947,0.015283814631402493,0.015530328266322613,0.01577684096992016],"_type":"histogram","values":[2026,0,1,0,1,0,0,0,0,0,0,0,0,0,0,0,0,0,2,0,1,1,0,1,1,1,0,1,2,0,0,0,1,1,0,0,2,0,1,1,0,1,1,0,0,0,0,0,0,0,0,0,0,0,0,0,0,1,0,0,0,0,0,1]},"test_loss":2.512582540512085,"gradients/model.2.bias":{"_type":"histogram","values":[1,0,0,0,52,0,0,0,0,0,0,0,0,0,0,0,0,1,0,2,0,0,0,0,0,1,0,1,1,0,0,0,0,0,1,1,0,0,0,0,0,0,0,0,0,0,0,2,0,0,0,0,0,0,0,0,0,0,0,0,0,0,0,1],"bins":[-0.00115710508543998,-0.0009141856571659446,-0.0006712661706842482,-0.0004283467133063823,-0.0001854272559285164,5.749220144934952e-05,0.00030041165882721543,0.0005433311453089118,0.0007862505735829473,0.0010291700018569827,0.00127208954654634,0.0015150089748203754,0.001757928403094411,0.0020008478313684464,0.002243767259642482,0.0024866866879165173,0.0027296063490211964,0.002972525777295232,0.0032154452055692673,0.0034583646338433027,0.003701284062117338,0.003944203723222017,0.004187122918665409,0.004430042579770088,0.00467296177521348,0.004915881436318159,0.005158800631761551,0.00540172029286623,0.005644639953970909,0.005887559149414301,0.00613047881051898,0.006373398005962372,0.006616317667067051,0.00685923732817173,0.007102156523615122,0.007345076184719801,0.007587995380163193,0.007830915041267872,0.008073834702372551,0.008316753432154655,0.008559673093259335,0.008802592754364014,0.009045512415468693,0.009288432076573372,0.009531350806355476,0.009774270467460155,0.010017190128564835,0.010260109789669514,0.010503029450774193,0.010745948180556297,0.010988867841660976,0.011231787502765656,0.011474707163870335,0.011717625893652439,0.011960545554757118,0.012203465215861797,0.012446384876966476,0.012689304538071156,0.01293222326785326,0.01317514292895794,0.013418062590062618,0.013660982251167297,0.013903900980949402,0.014146820642054081,0.01438974030315876]},"gradients/model.6.weight":{"_type":"histogram","values":[1,0,0,0,0,0,0,0,0,0,0,0,0,0,0,0,0,0,0,0,0,1,0,0,0,0,0,0,0,0,0,0,0,0,0,0,0,0,0,0,0,0,0,0,0,0,0,0,0,0,0,0,0,0,0,0,0,0,0,0,0,0,0,30],"bins":[-0.1809142380952835,-0.17808745801448822,-0.17526066303253174,-0.17243388295173645,-0.16960710287094116,-0.16678030788898468,-0.1639535278081894,-0.1611267477273941,-0.15829995274543762,-0.15547317266464233,-0.15264639258384705,-0.14981959760189056,-0.14699281752109528,-0.1441660374403,-0.1413392424583435,-0.13851246237754822,-0.13568568229675293,-0.13285888731479645,-0.13003210723400116,-0.12720532715320587,-0.12437853962182999,-0.1215517520904541,-0.11872497200965881,-0.11589818447828293,-0.11307139694690704,-0.11024461686611176,-0.10741782933473587,-0.10459104180335999,-0.1017642617225647,-0.09893747419118881,-0.09611068665981293,-0.09328390657901764,-0.09045711904764175,-0.08763033151626587,-0.08480355143547058,-0.0819767639040947,-0.07914997637271881,-0.07632319629192352,-0.07349640876054764,-0.07066962122917175,-0.06784284114837646,-0.06501605361700058,-0.06218926981091499,-0.05936248600482941,-0.05653569847345352,-0.053708914667367935,-0.05088213086128235,-0.048055343329906464,-0.04522855952382088,-0.04240177571773529,-0.039574988186359406,-0.03674820438027382,-0.03392142057418823,-0.031094634905457497,-0.02826784923672676,-0.025441065430641174,-0.02261427976191044,-0.019787494093179703,-0.016960710287094116,-0.01413392461836338,-0.01130713988095522,-0.008480355143547058,-0.00565356994047761,-0.002826784970238805,0]},"gradients/model.0.bias":{"bins":[0,0],"_type":"histogram","values":[32]},"gradients/model.6.bias":{"_type":"histogram","values":[1],"bins":[-0.4875138998031616,-0.4875138998031616]},"epoch":20,"_step":122,"training_epoch_average":0.35282057523727417,"gradients/model.4.bias":{"values":[30,0,0,0,0,0,0,0,0,0,0,0,0,0,0,0,0,0,0,0,0,0,0,0,0,0,0,0,0,0,0,0,0,0,0,0,0,0,0,0,0,1,0,0,0,0,0,0,0,0,0,0,0,0,0,0,0,0,0,0,0,0,0,1],"bins":[0,0.0008637838764116168,0.0017275677528232336,0.0025913515128195286,0.003455135505646467,0.004318919498473406,0.005182703025639057,0.006046487018465996,0.006910271011292934,0.007774055004119873,0.008637838996946812,0.00950162298977375,0.010365406051278114,0.011229190044105053,0.012092974036931992,0.01295675802975893,0.013820542022585869,0.014684326015412807,0.015548110008239746,0.01641189306974411,0.017275677993893623,0.018139461055397987,0.0190032459795475,0.019867029041051865,0.02073081210255623,0.021594597026705742,0.022458380088210106,0.02332216501235962,0.024185948073863983,0.025049732998013496,0.02591351605951786,0.026777300983667374,0.027641084045171738,0.0285048671066761,0.029368652030825615,0.03023243509232998,0.031096220016479492,0.031960003077983856,0.03282378613948822,0.03368757292628288,0.03455135598778725,0.03541513904929161,0.036278922110795975,0.03714270517230034,0.038006491959095,0.038870275020599365,0.03973405808210373,0.04059784114360809,0.04146162420511246,0.04232541099190712,0.043189194053411484,0.04405297711491585,0.04491676017642021,0.045780546963214874,0.04664433002471924,0.0475081130862236,0.048371896147727966,0.04923567920923233,0.05009946599602699,0.05096324905753136,0.05182703211903572,0.052690815180540085,0.05355460196733475,0.05441838502883911,0.055282168090343475],"_type":"histogram"},"train_loss":0.1061127781867981,"_runtime":74.779429496,"trainer/global_step":5140,"_wandb":{"runtime":74},"gradients/model.2.weight":{"values":[2048],"bins":[0,0],"_type":"histogram"},"test_epoch_average":2.5119547843933105,"gradients/model.0.weight":{"_type":"histogram","values":[2592],"bins":[0,0]}}