epoch,step,test_epoch_average,test_loss,training_epoch_average
0,2,,,6.567880630493164
1,3,9.021157264709473,9.021157264709473,
