{"train_loss":0.27554139494895935,"_step":2,"training_epoch_average":0.5111872553825378,"trainer/global_step":52,"test_epoch_average":5.057941913604736,"_wandb":{"runtime":5},"_runtime":5.24045119,"_timestamp":1.7333498979637635e+09,"epoch":1,"test_loss":5.0787034034729}