{"trainer/global_step":200,"_runtime":24.597391727,"_step":24,"training_epoch_average":0.3455002009868622,"_wandb":{"runtime":24},"test_epoch_average":2.494384288787842,"epoch":20,"train_loss":0.4034726023674011,"test_loss":2.494941234588623,"_timestamp":1.7333519509726071e+09}