{"test_loss":1.7390027046203613,"_wandb":{"runtime":32},"_runtime":31.884775168,"epoch":20,"test_epoch_average":1.7387268543243408,"_step":32,"training_epoch_average":0.9590660929679871,"trainer/global_step":600,"_timestamp":1.7333522033349822e+09,"train_loss":0.7387790679931641}